official_scenic_id,scenic_name,category_name,element_uid,element_type,element_id,poi_name,poi_detail_type,poi_categories,poi_lat,poi_lng,distance_m,raw_tags_json,poi_zone
BJ20_10,司马台长城,长城关隘类,node_12337173048,node,12337173048,,public_service,public_service,40.6569824,117.2873743,318.86,"{""amenity"": ""toilets""}",external
BJ20_10,司马台长城,长城关隘类,node_4250076093,node,4250076093,,lodging,lodging,40.6620895,117.27827,636.36,"{""name:en"": ""DongPo Restaurant and Guesthouse"", ""tourism"": ""guest_house"", ""website"": ""https://www.simataiguesthouse.com""}",external
BJ20_10,司马台长城,长城关隘类,node_4346517395,node,4346517395,,lodging,lodging,40.6621602,117.2779907,660.1,"{""name:en"": ""Dongpo Inn"", ""tourism"": ""hotel""}",external
BJ20_10,司马台长城,长城关隘类,way_1110197525,way,1110197525,长城（天梯）,nearby_attractions,nearby_attractions,40.6580324,117.2961648,997.0,"{""barrier"": ""city_wall"", ""foot"": ""yes"", ""highway"": ""path"", ""historic"": ""citywalls"", ""historic:civilization"": ""imperial_chinese"", ""name"": ""长城（天梯）"", ""name:als"": ""Chinesische Mauer"", ""name:ar"": ""سور الصين العظيم"", ""name:azb"": ""چین دیواری"", ""name:be"": ""Вялікая Кітайская сцяна"", ""name:be-tarask"": ""Вялікая кітайская сьцяна"", ""name:cs"": ""Velká čínská zeď"", ""name:de"": ""Chinesische Mauer"", ""name:en"": ""Great Wall of China"", ""name:es"": ""Gran Muralla China"", ""name:fa"": ""دیوار بزرگ چین"", ""name:fr"": ""Grande Muraille"", ""name:grc"": ""Σινικόν Τεῖχος"", ""name:hy"": ""Չինական մեծ պարիսպ"", ""name:ka"": ""ჩინეთის დიდი კედელი"", ""name:kk"": ""Қытай қорғаны"", ""name:kk-Arab"": ""ۇلى قىتاي قورعانى"", ""name:mk"": ""Кинески ѕид"", ""name:mzn"": ""چین گت دیوار"", ""name:pa"": ""ਚੀਨ ਦੀ ਮਹਾਨ ਦੀਵਾਰ"", ""name:pnb"": ""چین دی کندھ"", ""name:ps"": ""د چین لوی دیوال"", ""name:pt"": ""Muralha da China"", ""name:ru"": ""Великая Китайская Стена"", ""name:sd"": ""چين جي عظيم ديوار"", ""name:sr"": ""Кинески зид"", ""name:sv"": ""Kinesiska muren"", ""name:ug"": ""سەدىچىن سېپىلى"", ""name:uk"": ""Великий китайський мур"", ""name:ur"": ""دیوار چین"", ""name:vi"": ""Vạn Lý Trường Thành"", ""name:zh-Latn-pinyin"": ""Chángchéng"", ""tourism"": ""attraction"", ""two_sided"": ""yes"", ""wikidata"": ""Q11088230""}",external
BJ20_10,司马台长城,长城关隘类,node_1777056621,node,1777056621,,transport,transport,40.6520656,117.2746568,1105.83,"{""aerialway"": ""station"", ""public_transport"": ""station""}",external
BJ20_10,司马台长城,长城关隘类,node_6410342686,node,6410342686,,lodging,lodging,40.6660396,117.2752418,1119.91,"{""name:en"": ""Guesthouse Jinshanling"", ""tourism"": ""guest_house""}",external
BJ20_10,司马台长城,长城关隘类,node_11740932170,node,11740932170,,public_service,public_service,40.652769,117.2732086,1152.53,"{""amenity"": ""toilets""}",external
BJ20_10,司马台长城,长城关隘类,node_11740929270,node,11740929270,,commercial,commercial,40.6530043,117.2729244,1157.62,"{""shop"": ""gift""}",external
BJ20_10,司马台长城,长城关隘类,node_380380372,node,380380372,,lodging,lodging,40.6541368,117.271816,1176.83,"{""tourism"": ""hostel""}",external
BJ20_10,司马台长城,长城关隘类,node_11740439370,node,11740439370,,public_service,public_service,40.6521385,117.2722152,1261.45,"{""amenity"": ""toilets"", ""opening_hours"": ""24/7""}",external
BJ20_10,司马台长城,长城关隘类,way_194538832,way,194538832,长城（单边墙，危险）,nearby_attractions,nearby_attractions,40.6577894,117.2995142,1280.8,"{""barrier"": ""city_wall"", ""foot"": ""yes"", ""highway"": ""path"", ""historic"": ""citywalls"", ""historic:civilization"": ""imperial_chinese"", ""name"": ""长城（单边墙，危险）"", ""name:als"": ""Chinesische Mauer"", ""name:ar"": ""سور الصين العظيم"", ""name:azb"": ""چین دیواری"", ""name:be"": ""Вялікая Кітайская сцяна"", ""name:be-tarask"": ""Вялікая кітайская сьцяна"", ""name:cs"": ""Velká čínská zeď"", ""name:de"": ""Chinesische Mauer"", ""name:en"": ""Great Wall of China"", ""name:es"": ""Gran Muralla China"", ""name:fa"": ""دیوار بزرگ چین"", ""name:fr"": ""Grande Muraille"", ""name:grc"": ""Σινικόν Τεῖχος"", ""name:hy"": ""Չինական մեծ պարիսպ"", ""name:ka"": ""ჩინეთის დიდი კედელი"", ""name:kk"": ""Қытай қорғаны"", ""name:kk-Arab"": ""ۇلى قىتاي قورعانى"", ""name:mk"": ""Кинески ѕид"", ""name:mzn"": ""چین گت دیوار"", ""name:pa"": ""ਚੀਨ ਦੀ ਮਹਾਨ ਦੀਵਾਰ"", ""name:pnb"": ""چین دی کندھ"", ""name:ps"": ""د چین لوی دیوال"", ""name:pt"": ""Muralha da China"", ""name:ru"": ""Великая Китайская Стена"", ""name:sd"": ""چين جي عظيم ديوار"", ""name:sr"": ""Кинески зид"", ""name:sv"": ""Kinesiska muren"", ""name:ug"": ""سەدىچىن سېپىلى"", ""name:uk"": ""Великий китайський мур"", ""name:ur"": ""دیوار چین"", ""name:vi"": ""Vạn Lý Trường Thành"", ""name:zh-Latn-pinyin"": ""Chángchéng"", ""tourism"": ""attraction"", ""two_sided"": ""yes"", ""wikidata"": ""Q11088230""}",external
BJ20_10,司马台长城,长城关隘类,way_1333249588,way,1333249588,古北水镇-八旗会馆,nearby_attractions,nearby_attractions,40.6520929,117.2718445,1289.92,"{""building"": ""house"", ""museum"": ""local"", ""name"": ""古北水镇-八旗会馆"", ""name:it"": ""Palazzo della Gilda degli Otto Stendardi"", ""tourism"": ""museum""}",external
BJ20_10,司马台长城,长城关隘类,way_1444003601,way,1444003601,,nearby_attractions,nearby_attractions,40.6516628,117.2703175,1423.33,"{""building"": ""yes"", ""tourism"": ""museum""}",external
BJ20_10,司马台长城,长城关隘类,node_5126333620,node,5126333620,,lodging,lodging,40.6523877,117.2686934,1499.82,"{""name:en"": ""Beijing WTown"", ""tourism"": ""hotel""}",external
BJ20_10,司马台长城,长城关隘类,way_1110197527,way,1110197527,长城,nearby_attractions,nearby_attractions,40.6576333,117.3022772,1514.51,"{""barrier"": ""city_wall"", ""foot"": ""yes"", ""highway"": ""path"", ""historic"": ""citywalls"", ""historic:civilization"": ""imperial_chinese"", ""name"": ""长城"", ""name:als"": ""Chinesische Mauer"", ""name:ar"": ""سور الصين العظيم"", ""name:azb"": ""چین دیواری"", ""name:be"": ""Вялікая Кітайская сцяна"", ""name:be-tarask"": ""Вялікая кітайская сьцяна"", ""name:cs"": ""Velká čínská zeď"", ""name:de"": ""Chinesische Mauer"", ""name:en"": ""Great Wall of China"", ""name:es"": ""Gran Muralla China"", ""name:fa"": ""دیوار بزرگ چین"", ""name:fr"": ""Grande Muraille"", ""name:grc"": ""Σινικόν Τεῖχος"", ""name:hy"": ""Չինական մեծ պարիսպ"", ""name:ka"": ""ჩინეთის დიდი კედელი"", ""name:kk"": ""Қытай қорғаны"", ""name:kk-Arab"": ""ۇلى قىتاي قورعانى"", ""name:mk"": ""Кинески ѕид"", ""name:mzn"": ""چین گت دیوار"", ""name:pa"": ""ਚੀਨ ਦੀ ਮਹਾਨ ਦੀਵਾਰ"", ""name:pnb"": ""چین دی کندھ"", ""name:ps"": ""د چین لوی دیوال"", ""name:pt"": ""Muralha da China"", ""name:ru"": ""Великая Китайская Стена"", ""name:sd"": ""چين جي عظيم ديوار"", ""name:sr"": ""Кинески зид"", ""name:sv"": ""Kinesiska muren"", ""name:ug"": ""سەدىچىن سېپىلى"", ""name:uk"": ""Великий китайський мур"", ""name:ur"": ""دیوار چین"", ""name:vi"": ""Vạn Lý Trường Thành"", ""name:zh"": ""长城"", ""name:zh-Hant"": ""長城"", ""name:zh-Latn-pinyin"": ""Chángchéng"", ""tourism"": ""attraction"", ""two_sided"": ""yes"", ""wikidata"": ""Q11088230""}",external
BJ20_10,司马台长城,长城关隘类,node_11740058669,node,11740058669,,lodging,lodging,40.6507506,117.2690772,1566.82,"{""name:en"": ""Junyue Inn"", ""tourism"": ""hotel""}",external
BJ20_10,司马台长城,长城关隘类,node_12334685121,node,12334685121,,public_service,public_service,40.6509082,117.2686368,1587.9,"{""amenity"": ""toilets""}",external
BJ20_10,司马台长城,长城关隘类,node_12334670404,node,12334670404,,food_retail,food_retail,40.6510349,117.2683894,1597.8,"{""amenity"": ""restaurant"", ""cuisine"": ""chinese""}",external
BJ20_10,司马台长城,长城关隘类,node_11741188869,node,11741188869,,public_service,public_service,40.6500212,117.2671294,1748.37,"{""amenity"": ""toilets""}",external
BJ20_10,司马台长城,长城关隘类,node_11741271870,node,11741271870,,food_retail,food_retail,40.6500244,117.2668813,1765.63,"{""amenity"": ""restaurant"", ""cuisine"": ""steak_house"", ""name:en"": ""Watch Tower Steak House""}",external
BJ20_10,司马台长城,长城关隘类,node_11741271869,node,11741271869,,food_retail,food_retail,40.6500032,117.2665864,1787.77,"{""amenity"": ""restaurant"", ""cuisine"": ""italian;pizza""}",external
BJ20_10,司马台长城,长城关隘类,way_194538820,way,194538820,长城,nearby_attractions,nearby_attractions,40.6572408,117.3059057,1823.21,"{""barrier"": ""city_wall"", ""fixme"": ""Very hard wall up here from bing, also this is knife edge ridge, so likely misalignment in bing"", ""foot"": ""yes"", ""historic"": ""citywalls"", ""historic:civilization"": ""imperial_chinese"", ""name"": ""长城"", ""name:als"": ""Chinesische Mauer"", ""name:ar"": ""سور الصين العظيم"", ""name:azb"": ""چین دیواری"", ""name:be"": ""Вялікая Кітайская сцяна"", ""name:be-tarask"": ""Вялікая кітайская сьцяна"", ""name:cs"": ""Velká čínská zeď"", ""name:de"": ""Chinesische Mauer"", ""name:en"": ""Great Wall of China"", ""name:es"": ""Gran Muralla China"", ""name:fa"": ""دیوار بزرگ چین"", ""name:fr"": ""Grande Muraille"", ""name:grc"": ""Σινικόν Τεῖχος"", ""name:hy"": ""Չինական մեծ պարիսպ"", ""name:ka"": ""ჩინეთის დიდი კედელი"", ""name:kk"": ""Қытай қорғаны"", ""name:kk-Arab"": ""ۇلى قىتاي قورعانى"", ""name:mk"": ""Кинески ѕид"", ""name:mzn"": ""چین گت دیوار"", ""name:pa"": ""ਚੀਨ ਦੀ ਮਹਾਨ ਦੀਵਾਰ"", ""name:pnb"": ""چین دی کندھ"", ""name:ps"": ""د چین لوی دیوال"", ""name:pt"": ""Muralha da China"", ""name:ru"": ""Великая Китайская Стена"", ""name:sd"": ""چين جي عظيم ديوار"", ""name:sr"": ""Кинески зид"", ""name:sv"": ""Kinesiska muren"", ""name:ug"": ""سەدىچىن سېپىلى"", ""name:uk"": ""Великий китайський мур"", ""name:ur"": ""دیوار چین"", ""name:vi"": ""Vạn Lý Trường Thành"", ""name:zh"": ""长城"", ""name:zh-Hant"": ""長城"", ""name:zh-Latn-pinyin"": ""Chángchéng"", ""tourism"": ""attraction"", ""two_sided"": ""yes"", ""wikidata"": ""Q11088230""}",external
BJ20_10,司马台长城,长城关隘类,node_12337431614,node,12337431614,威廉·埃德加精品酒店西餐厅,food_retail,food_retail,40.6484299,117.2669519,1864.09,"{""amenity"": ""restaurant"", ""cuisine"": ""german"", ""name"": ""威廉·埃德加精品酒店西餐厅""}",external
BJ20_10,司马台长城,长城关隘类,way_188092910,way,188092910,长城,nearby_attractions,nearby_attractions,40.6712035,117.2626667,2297.17,"{""barrier"": ""city_wall"", ""foot"": ""yes"", ""highway"": ""footway"", ""historic"": ""citywalls"", ""historic:civilization"": ""imperial_chinese"", ""name"": ""长城"", ""name:als"": ""Chinesische Mauer"", ""name:ar"": ""سور الصين العظيم"", ""name:azb"": ""چین دیواری"", ""name:be"": ""Вялікая Кітайская сцяна"", ""name:be-tarask"": ""Вялікая кітайская сьцяна"", ""name:cs"": ""Velká čínská zeď"", ""name:de"": ""Chinesische Mauer"", ""name:en"": ""Great Wall of China"", ""name:es"": ""Gran Muralla China"", ""name:fa"": ""دیوار بزرگ چین"", ""name:fr"": ""Grande Muraille"", ""name:grc"": ""Σινικόν Τεῖχος"", ""name:hy"": ""Չինական մեծ պարիսպ"", ""name:ka"": ""ჩინეთის დიდი კედელი"", ""name:kk"": ""Қытай қорғаны"", ""name:kk-Arab"": ""ۇلى قىتاي قورعانى"", ""name:mk"": ""Кинески ѕид"", ""name:mzn"": ""چین گت دیوار"", ""name:pa"": ""ਚੀਨ ਦੀ ਮਹਾਨ ਦੀਵਾਰ"", ""name:pnb"": ""چین دی کندھ"", ""name:ps"": ""د چین لوی دیوال"", ""name:pt"": ""Muralha da China"", ""name:ru"": ""Великая Китайская Стена"", ""name:sd"": ""چين جي عظيم ديوار"", ""name:sr"": ""Кинески зид"", ""name:sv"": ""Kinesiska muren"", ""name:ug"": ""سەدىچىن سېپىلى"", ""name:uk"": ""Великий китайський мур"", ""name:ur"": ""دیوار چین"", ""name:vi"": ""Vạn Lý Trường Thành"", ""name:zh"": ""长城"", ""name:zh-Hant"": ""長城"", ""name:zh-Latn-pinyin"": ""Chángchéng"", ""tourism"": ""attraction"", ""two_sided"": ""yes"", ""wikidata"": ""Q11088230""}",external
BJ20_10,司马台长城,长城关隘类,relation_318110,relation,318110,长城,nearby_attractions,nearby_attractions,34.5950076,108.9659793,994756.13,"{""alt_name"": ""万里长城"", ""heritage"": ""1"", ""heritage:operator"": ""whc"", ""historic"": ""yes"", ""historic:civilization"": ""imperial_chinese"", ""image"": ""https://upload.wikimedia.org/wikipedia/commons/2/23/The_Great_Wall_of_China_at_Jinshanling-edit.jpg"", ""material"": ""stone"", ""military"": ""cordon"", ""name"": ""长城"", ""name:als"": ""Chinesische Mauer"", ""name:ar"": ""سور الصين العظيم"", ""name:azb"": ""چین دیواری"", ""name:be"": ""Вялікая Кітайская сцяна"", ""name:be-tarask"": ""Вялікая кітайская сьцяна"", ""name:cs"": ""Velká čínská zeď"", ""name:de"": ""Chinesische Mauer"", ""name:en"": ""Great Wall of China"", ""name:es"": ""Gran Muralla China"", ""name:fa"": ""دیوار بزرگ چین"", ""name:fi"": ""Kiinan muuri"", ""name:fr"": ""Grande Muraille"", ""name:grc"": ""Σινικόν Τεῖχος"", ""name:hy"": ""Չինական մեծ պարիսպ"", ""name:id"": ""Tembok Besar Tiongkok"", ""name:it"": ""Grande Muraglia Cinese"", ""name:ja"": ""万里の長城"", ""name:ka"": ""ჩინეთის დიდი კედელი"", ""name:kk"": ""Қытай қорғаны"", ""name:kk-Arab"": ""ۇلى قىتاي قورعانى"", ""name:mi"": ""Maioro Nui Whakaharahara o Haina"", ""name:mk"": ""Кинески ѕид"", ""name:mzn"": ""چین گت دیوار"", ""name:pa"": ""ਚੀਨ ਦੀ ਮਹਾਨ ਦੀਵਾਰ"", ""name:pl"": ""Wielki Mur Chiński"", ""name:pnb"": ""چین دی کندھ"", ""name:ps"": ""د چین لوی دیوال"", ""name:pt"": ""Muralha da China"", ""name:ru"": ""Великая Китайская Стена"", ""name:sd"": ""چين جي عظيم ديوار"", ""name:sr"": ""Кинески зид"", ""name:sv"": ""Kinesiska muren"", ""name:tr"": ""Çin Seddi"", ""name:ug"": ""سەدىچىن سېپىلى"", ""name:uk"": ""Великий китайський мур"", ""name:ur"": ""دیوار چین"", ""name:zh"": ""长城"", ""name:zh-Latn-pinyin"": ""Chángchéng"", ""note"": ""Maybe a split of this relation into smaller 'per province' relations would be better"", ""ref:whc"": ""438"", ""tourism"": ""attraction"", ""type"": ""collection"", ""whc:inscription_date"": ""1987"", ""wikidata"": ""Q12501"", ""wikipedia"": ""zh:长城""}",external
